language,total_claims,pre_llm_correct,pre_llm_accuracy,post_llm_correct,post_llm_accuracy,accuracy_gain_post_minus_pre
en,35,18,0.5142857142857142,27,0.7714285714285715,0.25714285714285723
hi,35,18,0.5142857142857142,26,0.7428571428571429,0.22857142857142865
ta,35,18,0.5142857142857142,32,0.9142857142857143,0.4
te,35,13,0.37142857142857144,29,0.8285714285714286,0.4571428571428572
kn,35,15,0.42857142857142855,29,0.8285714285714286,0.4000000000000001
ml,35,10,0.2857142857142857,31,0.8857142857142857,0.6
