{
  "timestamp_utc": "2026-04-15T23:31:52.213150+00:00",
  "dataset": "copenlu/fever_gold_evidence",
  "split": "validation",
  "max_positive": 2000,
  "total_pairs": 4000,
  "model_path": "checkpoints/relevance/en/v9_run1",
  "model_mode": "single_stage_en",
  "threshold": 0.05,
  "metrics": {
    "auc": 0.7765065,
    "average_precision": 0.8198365050460508,
    "precision_at_threshold": 0.7036108324974925,
    "recall_at_threshold": 0.7015,
    "f1_at_threshold": 0.7025538307461192,
    "score_min": 0.0005440405802801251,
    "score_max": 0.9991315007209778,
    "score_mean": 0.3123833406597841
  }
}