language,total,pre_correct,post_correct,pre_accuracy,post_accuracy,delta_accuracy
en,23,0,12,0.0,0.5217391304347826,0.5217391304347826
hi,25,2,15,0.08,0.6,0.52
ta,25,0,24,0.0,0.96,0.96
te,25,3,23,0.12,0.92,0.8
kn,25,19,7,0.76,0.28,-0.48
ml,25,25,14,1.0,0.56,-0.44
all,148,49,95,0.3310810810810811,0.6418918918918919,0.3108108108108108
